<aiskillconfig uniquename="ais_FormFillFieldOptOut_contoso_machineorder_contoso_requestedby">
  <aiskill>FormFillFieldOptOut</aiskill>
  <attribute>
    <entityid.logicalname>contoso_machineorder</entityid.logicalname>
    <logicalname>contoso_requestedby</logicalname>
  </attribute>
  <description>contoso_machineorder - Requested By Form fill opt out</description>
  <entity>
    <logicalname>contoso_machineorder</logicalname>
  </entity>
  <iscustomizable>1</iscustomizable>
  <scope>1</scope>
  <statecode>0</statecode>
  <statuscode>1</statuscode>
</aiskillconfig>